"id","lot","portails_candidats","routes","ecrans_ids","formulaire_id","composant","champ_ui","identifiant_DOM_baseline","cle_etat","origine","controle","condition_visibilite","objet_API_baseline","objet_API_candidat","table_colonne_expression","type_contraintes","valeur_initiale_normalisation","lecture_ecriture","rendu_detail_liste","ecart_baseline","restriction","sources_UI","sources_persistance","scenario_attendu","statut_revue","statut_saisie_ui","statut_persistance","statut_audit","version_observee","version_correction","preuve"
"CLI-CHAMP-001","LOT-stakeholders/clients","SONASP gestionnaire; Owner; Admin selon module et autorisation serveur; Mine lecture seule","/customers/new | /customers/:id/edit | /customers/:id | /customers","ECR-57a476684b9a | ECR-90c316e4268e | ECR-4c59694d6d6f | ECR-fb78963058ff","FRM-d203fedbc345","src/pages/customers/CustomerForm.tsx","Raison sociale","Pas de id/htmlFor métier explicite; Input génère un id mais FormField ne le connaît pas","name","UTILISATEUR","texte","Toujours, création et modification","baseCustomerData.name","save_customer_dossier.p_customer.name","public.customers.name","Requis, trim non vide","name: ''; trim","SELECT customers(id) → formulaire; INSERT/UPDATE baseline; RPC atomique candidate à tester","Titre du détail et colonne Nom du client","Aucune association label/id explicite à la baseline; vérifier nom accessible et erreurs","RLS customers/customer_banks : lecture authenticated, écritures snp_est_agent_sonasp(); nouvelle RPC exige également session active; effectivité NON TESTÉE","83f8c74e:src/pages/customers/CustomerForm.tsx:330 | 83f8c74e:src/pages/customers/CustomerForm.tsx:52","83f8c74e:src/pages/customers/CustomerForm.tsx:194 | 83f8c74e:src/types/database.ts:1345 | CANDIDAT_NON_APPLIQUE:supabase/migrations/20260907044811_enregistrer_dossier_client_atomique.sql:144","CLI-UI-001 puis CLI-UI-002; renseigner Raison sociale, enregistrer, lire colonne name, détail, reload, modifier puis relire","REVUE_STATIQUE_BASELINE","NON EXÉCUTÉ","NON EXÉCUTÉ","À TESTER","83f8c74ea83c81a2734ef9e086c2edd211573ebe","migration candidate SHA256:0b87f4df5de4e59c7c7252550018c92d923d978f356289109c142b417c31cb0f; branche de travail non auditée","Lecture indépendante des quatre composants, types et migrations; aucun accès Auth/API/base/UI pour cette matrice"
"CLI-CHAMP-002","LOT-stakeholders/clients","SONASP gestionnaire; Owner; Admin selon module et autorisation serveur; Mine lecture seule","/customers/new | /customers/:id/edit | /customers/:id | /customers","ECR-57a476684b9a | ECR-90c316e4268e | ECR-4c59694d6d6f | ECR-fb78963058ff","FRM-d203fedbc345","src/pages/customers/CustomerForm.tsx","Adresse électronique","Pas de id/htmlFor métier explicite; Input génère un id mais FormField ne le connaît pas","email","UTILISATEUR","email","Toujours, création et modification","baseCustomerData.email","save_customer_dossier.p_customer.email","public.customers.email","Requis; regex sans espaces et avec domaine","email: ''; trim + minuscules","SELECT customers(id) → formulaire; INSERT/UPDATE baseline; RPC atomique candidate à tester","Coordonnées du détail et colonne Adresse électronique","Tester espaces et majuscules; aucune longueur maximale ou unicité démontrée par la lecture du type","RLS customers/customer_banks : lecture authenticated, écritures snp_est_agent_sonasp(); nouvelle RPC exige également session active; effectivité NON TESTÉE","83f8c74e:src/pages/customers/CustomerForm.tsx:340 | 83f8c74e:src/pages/customers/CustomerForm.tsx:53","83f8c74e:src/pages/customers/CustomerForm.tsx:194 | 83f8c74e:src/types/database.ts:1345 | CANDIDAT_NON_APPLIQUE:supabase/migrations/20260907044811_enregistrer_dossier_client_atomique.sql:144","CLI-UI-001 puis CLI-UI-002; renseigner Adresse électronique, enregistrer, lire colonne email, détail, reload, modifier puis relire","REVUE_STATIQUE_BASELINE","NON EXÉCUTÉ","NON EXÉCUTÉ","À TESTER","83f8c74ea83c81a2734ef9e086c2edd211573ebe","migration candidate SHA256:0b87f4df5de4e59c7c7252550018c92d923d978f356289109c142b417c31cb0f; branche de travail non auditée","Lecture indépendante des quatre composants, types et migrations; aucun accès Auth/API/base/UI pour cette matrice"
"CLI-CHAMP-003","LOT-stakeholders/clients","SONASP gestionnaire; Owner; Admin selon module et autorisation serveur; Mine lecture seule","/customers/new | /customers/:id/edit | /customers/:id | /customers","ECR-57a476684b9a | ECR-90c316e4268e | ECR-4c59694d6d6f | ECR-fb78963058ff","FRM-d203fedbc345","src/pages/customers/CustomerForm.tsx","Numéro de téléphone","Pas de id/htmlFor métier explicite; Input génère un id mais FormField ne le connaît pas","phone","UTILISATEUR","texte","Toujours, création et modification","baseCustomerData.phone","save_customer_dossier.p_customer.phone","public.customers.phone","Requis UI; nullable dans le type SQL","phone: ''; trim","SELECT customers(id) → formulaire; INSERT/UPDATE baseline; RPC atomique candidate à tester","Téléphone du détail; chargé dans la liste sans colonne affichée","Pas de validation internationale stricte existante à inventer","RLS customers/customer_banks : lecture authenticated, écritures snp_est_agent_sonasp(); nouvelle RPC exige également session active; effectivité NON TESTÉE","83f8c74e:src/pages/customers/CustomerForm.tsx:349 | 83f8c74e:src/pages/customers/CustomerForm.tsx:54","83f8c74e:src/pages/customers/CustomerForm.tsx:194 | 83f8c74e:src/types/database.ts:1345 | CANDIDAT_NON_APPLIQUE:supabase/migrations/20260907044811_enregistrer_dossier_client_atomique.sql:144","CLI-UI-001 puis CLI-UI-002; renseigner Numéro de téléphone, enregistrer, lire colonne phone, détail, reload, modifier puis relire","REVUE_STATIQUE_BASELINE","NON EXÉCUTÉ","NON EXÉCUTÉ","À TESTER","83f8c74ea83c81a2734ef9e086c2edd211573ebe","migration candidate SHA256:0b87f4df5de4e59c7c7252550018c92d923d978f356289109c142b417c31cb0f; branche de travail non auditée","Lecture indépendante des quatre composants, types et migrations; aucun accès Auth/API/base/UI pour cette matrice"
"CLI-CHAMP-004","LOT-stakeholders/clients","SONASP gestionnaire; Owner; Admin selon module et autorisation serveur; Mine lecture seule","/customers/new | /customers/:id/edit | /customers/:id | /customers","ECR-57a476684b9a | ECR-90c316e4268e | ECR-4c59694d6d6f | ECR-fb78963058ff","FRM-d203fedbc345","src/pages/customers/CustomerForm.tsx","Personne à contacter","Pas de id/htmlFor métier explicite; Input génère un id mais FormField ne le connaît pas","contactPerson","UTILISATEUR","texte","Toujours, création et modification","baseCustomerData.contact_person","save_customer_dossier.p_customer.contact_person","public.customers.contact_person","Requis UI; nullable dans le type SQL","contactPerson: ''; trim","SELECT customers(id) → formulaire; INSERT/UPDATE baseline; RPC atomique candidate à tester","Coordonnées du détail","Vérifier accents et conservation après mise à jour","RLS customers/customer_banks : lecture authenticated, écritures snp_est_agent_sonasp(); nouvelle RPC exige également session active; effectivité NON TESTÉE","83f8c74e:src/pages/customers/CustomerForm.tsx:358 | 83f8c74e:src/pages/customers/CustomerForm.tsx:57","83f8c74e:src/pages/customers/CustomerForm.tsx:194 | 83f8c74e:src/types/database.ts:1345 | CANDIDAT_NON_APPLIQUE:supabase/migrations/20260907044811_enregistrer_dossier_client_atomique.sql:144","CLI-UI-001 puis CLI-UI-002; renseigner Personne à contacter, enregistrer, lire colonne contact_person, détail, reload, modifier puis relire","REVUE_STATIQUE_BASELINE","NON EXÉCUTÉ","NON EXÉCUTÉ","À TESTER","83f8c74ea83c81a2734ef9e086c2edd211573ebe","migration candidate SHA256:0b87f4df5de4e59c7c7252550018c92d923d978f356289109c142b417c31cb0f; branche de travail non auditée","Lecture indépendante des quatre composants, types et migrations; aucun accès Auth/API/base/UI pour cette matrice"
"CLI-CHAMP-005","LOT-stakeholders/clients","SONASP gestionnaire; Owner; Admin selon module et autorisation serveur; Mine lecture seule","/customers/new | /customers/:id/edit | /customers/:id | /customers","ECR-57a476684b9a | ECR-90c316e4268e | ECR-4c59694d6d6f | ECR-fb78963058ff","FRM-d203fedbc345","src/pages/customers/CustomerForm.tsx","Pays","Pas de id/htmlFor métier explicite; Input génère un id mais FormField ne le connaît pas","country","UTILISATEUR","liste COUNTRIES","Toujours, création et modification","baseCustomerData.country","save_customer_dossier.p_customer.country","public.customers.country","Requis UI; non nullable dans le type SQL","country: ''; Valeur COUNTRIES; trim dans RPC candidate","SELECT customers(id) → formulaire; INSERT/UPDATE baseline; RPC atomique candidate à tester","Colonne Pays de la liste; valeur chargée mais non affichée dans le détail baseline","errors.country existe mais FormField Pays ne reçoit pas error={errors.country}","RLS customers/customer_banks : lecture authenticated, écritures snp_est_agent_sonasp(); nouvelle RPC exige également session active; effectivité NON TESTÉE","83f8c74e:src/pages/customers/CustomerForm.tsx:367 | 83f8c74e:src/pages/customers/CustomerForm.tsx:55","83f8c74e:src/pages/customers/CustomerForm.tsx:194 | 83f8c74e:src/types/database.ts:1345 | CANDIDAT_NON_APPLIQUE:supabase/migrations/20260907044811_enregistrer_dossier_client_atomique.sql:144","CLI-UI-001 puis CLI-UI-002; renseigner Pays, enregistrer, lire colonne country, détail, reload, modifier puis relire","REVUE_STATIQUE_BASELINE","NON EXÉCUTÉ","NON EXÉCUTÉ","À TESTER","83f8c74ea83c81a2734ef9e086c2edd211573ebe","migration candidate SHA256:0b87f4df5de4e59c7c7252550018c92d923d978f356289109c142b417c31cb0f; branche de travail non auditée","Lecture indépendante des quatre composants, types et migrations; aucun accès Auth/API/base/UI pour cette matrice"
"CLI-CHAMP-006","LOT-stakeholders/clients","SONASP gestionnaire; Owner; Admin selon module et autorisation serveur; Mine lecture seule","/customers/new | /customers/:id/edit | /customers/:id | /customers","ECR-57a476684b9a | ECR-90c316e4268e | ECR-4c59694d6d6f | ECR-fb78963058ff","FRM-d203fedbc345","src/pages/customers/CustomerForm.tsx","Identifiant fiscal / numéro d’immatriculation","Pas de id/htmlFor métier explicite; Input génère un id mais FormField ne le connaît pas","taxId","UTILISATEUR","texte","Toujours, création et modification","baseCustomerData.tax_id","save_customer_dossier.p_customer.tax_id","public.customers.tax_id","Facultatif; nullable SQL; aucune regex fiscale déclarée","taxId: ''; trim; vide envoyé chaîne vide","SELECT customers(id) → formulaire; INSERT/UPDATE baseline; RPC atomique candidate à tester","Identifiant fiscal du détail","Un seul champ existant : ne pas scinder RCCM/IFU pour ce client export sans exigence","RLS customers/customer_banks : lecture authenticated, écritures snp_est_agent_sonasp(); nouvelle RPC exige également session active; effectivité NON TESTÉE","83f8c74e:src/pages/customers/CustomerForm.tsx:381 | 83f8c74e:src/pages/customers/CustomerForm.tsx:58","83f8c74e:src/pages/customers/CustomerForm.tsx:194 | 83f8c74e:src/types/database.ts:1345 | CANDIDAT_NON_APPLIQUE:supabase/migrations/20260907044811_enregistrer_dossier_client_atomique.sql:144","CLI-UI-001 puis CLI-UI-002; renseigner Identifiant fiscal / numéro d’immatriculation, enregistrer, lire colonne tax_id, détail, reload, modifier puis relire","REVUE_STATIQUE_BASELINE","NON EXÉCUTÉ","NON EXÉCUTÉ","À TESTER","83f8c74ea83c81a2734ef9e086c2edd211573ebe","migration candidate SHA256:0b87f4df5de4e59c7c7252550018c92d923d978f356289109c142b417c31cb0f; branche de travail non auditée","Lecture indépendante des quatre composants, types et migrations; aucun accès Auth/API/base/UI pour cette matrice"
"CLI-CHAMP-007","LOT-stakeholders/clients","SONASP gestionnaire; Owner; Admin selon module et autorisation serveur; Mine lecture seule","/customers/new | /customers/:id/edit | /customers/:id | /customers","ECR-57a476684b9a | ECR-90c316e4268e | ECR-4c59694d6d6f | ECR-fb78963058ff","FRM-d203fedbc345","src/pages/customers/CustomerForm.tsx","Adresse","Pas de id/htmlFor métier explicite; Input génère un id mais FormField ne le connaît pas","address","UTILISATEUR","texte long","Toujours, création et modification","baseCustomerData.address","save_customer_dossier.p_customer.address","public.customers.address","Requis UI; nullable SQL","address: ''; trim","SELECT customers(id) → formulaire; INSERT/UPDATE baseline; RPC atomique candidate à tester","Adresse du détail; chargée par liste sans colonne","Vérifier adresse entière en responsive et après rechargement","RLS customers/customer_banks : lecture authenticated, écritures snp_est_agent_sonasp(); nouvelle RPC exige également session active; effectivité NON TESTÉE","83f8c74e:src/pages/customers/CustomerForm.tsx:389 | 83f8c74e:src/pages/customers/CustomerForm.tsx:56","83f8c74e:src/pages/customers/CustomerForm.tsx:194 | 83f8c74e:src/types/database.ts:1345 | CANDIDAT_NON_APPLIQUE:supabase/migrations/20260907044811_enregistrer_dossier_client_atomique.sql:144","CLI-UI-001 puis CLI-UI-002; renseigner Adresse, enregistrer, lire colonne address, détail, reload, modifier puis relire","REVUE_STATIQUE_BASELINE","NON EXÉCUTÉ","NON EXÉCUTÉ","À TESTER","83f8c74ea83c81a2734ef9e086c2edd211573ebe","migration candidate SHA256:0b87f4df5de4e59c7c7252550018c92d923d978f356289109c142b417c31cb0f; branche de travail non auditée","Lecture indépendante des quatre composants, types et migrations; aucun accès Auth/API/base/UI pour cette matrice"
"CLI-CHAMP-008","LOT-stakeholders/clients","SONASP gestionnaire; Owner; Admin selon module et autorisation serveur; Mine lecture seule","/customers/new | /customers/:id/edit | /customers/:id | /customers","ECR-57a476684b9a | ECR-90c316e4268e | ECR-4c59694d6d6f | ECR-fb78963058ff","FRM-d203fedbc345","src/pages/customers/CustomerForm.tsx","Conditions de paiement","Pas de id/htmlFor métier explicite; Input génère un id mais FormField ne le connaît pas","paymentTerms","UTILISATEUR","liste","Toujours, création et modification","baseCustomerData.payment_terms","save_customer_dossier.p_customer.payment_terms","public.customers.payment_terms","Net 15/30/45/60 days ou Immediate proposés; aucune contrainte SQL de domaine observée","paymentTerms: 'Net 30 days'; Valeur conservée; libellé français au détail","SELECT customers(id) → formulaire; INSERT/UPDATE baseline; RPC atomique candidate à tester","Détail : PAYMENT_TERM_LABELS ou valeur historique","Une ancienne valeur hors options doit rester visible et ne pas être effacée silencieusement; null remplacé par Net 30 à la baseline","RLS customers/customer_banks : lecture authenticated, écritures snp_est_agent_sonasp(); nouvelle RPC exige également session active; effectivité NON TESTÉE","83f8c74e:src/pages/customers/CustomerForm.tsx:398 | 83f8c74e:src/pages/customers/CustomerForm.tsx:59","83f8c74e:src/pages/customers/CustomerForm.tsx:194 | 83f8c74e:src/types/database.ts:1345 | CANDIDAT_NON_APPLIQUE:supabase/migrations/20260907044811_enregistrer_dossier_client_atomique.sql:144","CLI-UI-001 puis CLI-UI-002; renseigner Conditions de paiement, enregistrer, lire colonne payment_terms, détail, reload, modifier puis relire","REVUE_STATIQUE_BASELINE","NON EXÉCUTÉ","NON EXÉCUTÉ","À TESTER","83f8c74ea83c81a2734ef9e086c2edd211573ebe","migration candidate SHA256:0b87f4df5de4e59c7c7252550018c92d923d978f356289109c142b417c31cb0f; branche de travail non auditée","Lecture indépendante des quatre composants, types et migrations; aucun accès Auth/API/base/UI pour cette matrice"
"CLI-CHAMP-009","LOT-stakeholders/clients","SONASP gestionnaire; Owner; Admin selon module et autorisation serveur; Mine lecture seule","/customers/new | /customers/:id/edit | /customers/:id | /customers","ECR-57a476684b9a | ECR-90c316e4268e | ECR-4c59694d6d6f | ECR-fb78963058ff","FRM-d203fedbc345","src/pages/customers/CustomerForm.tsx","Limite de crédit (USD)","Pas de id/htmlFor métier explicite; Input génère un id mais FormField ne le connaît pas","creditLimit","UTILISATEUR","number; unité USD","Toujours, création et modification","baseCustomerData.credit_limit","save_customer_dossier.p_customer.credit_limit","public.customers.credit_limit","Nombre non négatif; nullable SQL; pas de step décimal explicite dans la baseline","creditLimit: '500000'; parseFloat; candidat exige JSON number ≥0","SELECT customers(id) → formulaire; INSERT/UPDATE baseline; RPC atomique candidate à tester","Chargé dans le détail mais non affiché baseline","Écart : String(data.credit_limit || 500000) convertit un zéro enregistré en 500000; tester 0 et 1234.56","RLS customers/customer_banks : lecture authenticated, écritures snp_est_agent_sonasp(); nouvelle RPC exige également session active; effectivité NON TESTÉE","83f8c74e:src/pages/customers/CustomerForm.tsx:412 | 83f8c74e:src/pages/customers/CustomerForm.tsx:60","83f8c74e:src/pages/customers/CustomerForm.tsx:194 | 83f8c74e:src/types/database.ts:1345 | CANDIDAT_NON_APPLIQUE:supabase/migrations/20260907044811_enregistrer_dossier_client_atomique.sql:144","CLI-UI-001 puis CLI-UI-002; renseigner Limite de crédit (USD), enregistrer, lire colonne credit_limit, détail, reload, modifier puis relire","REVUE_STATIQUE_BASELINE","NON EXÉCUTÉ","NON EXÉCUTÉ","À TESTER","83f8c74ea83c81a2734ef9e086c2edd211573ebe","migration candidate SHA256:0b87f4df5de4e59c7c7252550018c92d923d978f356289109c142b417c31cb0f; branche de travail non auditée","Lecture indépendante des quatre composants, types et migrations; aucun accès Auth/API/base/UI pour cette matrice"
"CLI-CHAMP-010","LOT-stakeholders/clients","SONASP gestionnaire; Owner; Admin selon module et autorisation serveur; Mine lecture seule","/customers/new | /customers/:id/edit | /customers/:id | /customers","ECR-57a476684b9a | ECR-90c316e4268e | ECR-4c59694d6d6f | ECR-fb78963058ff","FRM-d203fedbc345","src/pages/customers/CustomerForm.tsx","Statut","Pas de id/htmlFor métier explicite; Input génère un id mais FormField ne le connaît pas","status","UTILISATEUR","liste","Toujours, création et modification","baseCustomerData.status","save_customer_dossier.p_customer.status","public.customers.status","pending / active / inactive; SQL autorise aussi null","status: 'pending'; Valeur littérale","SELECT customers(id) → formulaire; INSERT/UPDATE baseline; RPC atomique candidate à tester","Badge détail et liste","Écart : statut absent présenté actif dans détail/liste; aide dit initialement En attente mais UI permet autres états; aucune synchronisation is_active démontrée","RLS customers/customer_banks : lecture authenticated, écritures snp_est_agent_sonasp(); nouvelle RPC exige également session active; effectivité NON TESTÉE","83f8c74e:src/pages/customers/CustomerForm.tsx:422 | 83f8c74e:src/pages/customers/CustomerForm.tsx:61","83f8c74e:src/pages/customers/CustomerForm.tsx:194 | 83f8c74e:src/types/database.ts:1345 | CANDIDAT_NON_APPLIQUE:supabase/migrations/20260907044811_enregistrer_dossier_client_atomique.sql:144","CLI-UI-001 puis CLI-UI-002; renseigner Statut, enregistrer, lire colonne status, détail, reload, modifier puis relire","REVUE_STATIQUE_BASELINE","NON EXÉCUTÉ","NON EXÉCUTÉ","À TESTER","83f8c74ea83c81a2734ef9e086c2edd211573ebe","migration candidate SHA256:0b87f4df5de4e59c7c7252550018c92d923d978f356289109c142b417c31cb0f; branche de travail non auditée","Lecture indépendante des quatre composants, types et migrations; aucun accès Auth/API/base/UI pour cette matrice"
"CLI-BANQUE-001","LOT-stakeholders/clients","SONASP gestionnaire; Owner; Admin selon module et autorisation serveur; Mine lecture seule","/customers/new | /customers/:id/edit | /customers/:id | /customers","ECR-57a476684b9a | ECR-90c316e4268e | ECR-4c59694d6d6f | ECR-fb78963058ff","FRM-3b57c7a1b9b7","src/components/customers/BankAccountForm.tsx","Pays de la banque","Pas de id/htmlFor métier explicite","banks[index].country","UTILISATEUR","liste COUNTRIES","Compte déplié; disabled si readOnly","banquesAInserer[index].country","save_customer_dossier.p_banks[index].country","public.customer_banks.country","Requis pour chaque banque; valeur par défaut Burkina Faso","Valeur liste; candidat trim","SELECT banques actives → formulaire; delete+insert baseline; fusion/désactivation candidate","Aucune banque affichée ni chargée par CustomerProfile baseline; détail complet à contrôler après correction","Changement de pays ne nettoie pas bankName baseline; vérifier conservation explicite ou sélection cohérente","RLS customers/customer_banks : lecture authenticated, écritures snp_est_agent_sonasp(); nouvelle RPC exige également session active; effectivité NON TESTÉE","83f8c74e:src/components/customers/BankAccountForm.tsx:268","83f8c74e:src/pages/customers/CustomerForm.tsx:221 | 83f8c74e:src/types/database.ts:1125 | CANDIDAT_NON_APPLIQUE:supabase/migrations/20260907044811_enregistrer_dossier_client_atomique.sql:185","CLI-UI-001/002/004/005/007 : deux banques, changement principal, banque libre, relecture identifiants et valeurs","REVUE_STATIQUE_BASELINE","NON EXÉCUTÉ","NON EXÉCUTÉ","À TESTER","83f8c74ea83c81a2734ef9e086c2edd211573ebe","migration candidate SHA256:0b87f4df5de4e59c7c7252550018c92d923d978f356289109c142b417c31cb0f; branche de travail non auditée","Lecture indépendante des quatre composants, types et migrations; aucun accès Auth/API/base/UI pour cette matrice"
"CLI-BANQUE-002","LOT-stakeholders/clients","SONASP gestionnaire; Owner; Admin selon module et autorisation serveur; Mine lecture seule","/customers/new | /customers/:id/edit | /customers/:id | /customers","ECR-57a476684b9a | ECR-90c316e4268e | ECR-4c59694d6d6f | ECR-fb78963058ff","FRM-3b57c7a1b9b7","src/components/customers/BankAccountForm.tsx","Ville de la banque","Pas de id/htmlFor métier explicite","banks[index].city","UTILISATEUR","texte","Compte déplié; disabled si readOnly","banquesAInserer[index].city","save_customer_dossier.p_banks[index].city","public.customer_banks.city","Requis pour chaque banque","trim","SELECT banques actives → formulaire; delete+insert baseline; fusion/désactivation candidate","Aucune banque affichée ni chargée par CustomerProfile baseline; détail complet à contrôler après correction","Aucun message de validation par champ bancaire baseline; erreur globale seulement","RLS customers/customer_banks : lecture authenticated, écritures snp_est_agent_sonasp(); nouvelle RPC exige également session active; effectivité NON TESTÉE","83f8c74e:src/components/customers/BankAccountForm.tsx:288","83f8c74e:src/pages/customers/CustomerForm.tsx:221 | 83f8c74e:src/types/database.ts:1125 | CANDIDAT_NON_APPLIQUE:supabase/migrations/20260907044811_enregistrer_dossier_client_atomique.sql:185","CLI-UI-001/002/004/005/007 : deux banques, changement principal, banque libre, relecture identifiants et valeurs","REVUE_STATIQUE_BASELINE","NON EXÉCUTÉ","NON EXÉCUTÉ","À TESTER","83f8c74ea83c81a2734ef9e086c2edd211573ebe","migration candidate SHA256:0b87f4df5de4e59c7c7252550018c92d923d978f356289109c142b417c31cb0f; branche de travail non auditée","Lecture indépendante des quatre composants, types et migrations; aucun accès Auth/API/base/UI pour cette matrice"
"CLI-BANQUE-003","LOT-stakeholders/clients","SONASP gestionnaire; Owner; Admin selon module et autorisation serveur; Mine lecture seule","/customers/new | /customers/:id/edit | /customers/:id | /customers","ECR-57a476684b9a | ECR-90c316e4268e | ECR-4c59694d6d6f | ECR-fb78963058ff","FRM-3b57c7a1b9b7","src/components/customers/BankAccountForm.tsx","Nom de la banque","Pas de id/htmlFor métier explicite","banks[index].bankName","UTILISATEUR","liste BF/CI/Guinée ou texte pour autres pays","Compte déplié; disabled si readOnly","banquesAInserer[index].bank_name","save_customer_dossier.p_banks[index].bank_name","public.customer_banks.bank_name","Requis pour chaque banque; sentinel __other__ non métier","trim","SELECT banques actives → formulaire; delete+insert baseline; fusion/désactivation candidate","Aucune banque affichée ni chargée par CustomerProfile baseline; détail complet à contrôler après correction","Choix Autre disparaît dès la première lettre (value vide puis champ conditionnel bankName===__other__); sentinel exclu silencieusement du payload baseline","RLS customers/customer_banks : lecture authenticated, écritures snp_est_agent_sonasp(); nouvelle RPC exige également session active; effectivité NON TESTÉE","83f8c74e:src/components/customers/BankAccountForm.tsx:305","83f8c74e:src/pages/customers/CustomerForm.tsx:221 | 83f8c74e:src/types/database.ts:1125 | CANDIDAT_NON_APPLIQUE:supabase/migrations/20260907044811_enregistrer_dossier_client_atomique.sql:185","CLI-UI-001/002/004/005/007 : deux banques, changement principal, banque libre, relecture identifiants et valeurs","REVUE_STATIQUE_BASELINE","NON EXÉCUTÉ","NON EXÉCUTÉ","À TESTER","83f8c74ea83c81a2734ef9e086c2edd211573ebe","migration candidate SHA256:0b87f4df5de4e59c7c7252550018c92d923d978f356289109c142b417c31cb0f; branche de travail non auditée","Lecture indépendante des quatre composants, types et migrations; aucun accès Auth/API/base/UI pour cette matrice"
"CLI-BANQUE-004","LOT-stakeholders/clients","SONASP gestionnaire; Owner; Admin selon module et autorisation serveur; Mine lecture seule","/customers/new | /customers/:id/edit | /customers/:id | /customers","ECR-57a476684b9a | ECR-90c316e4268e | ECR-4c59694d6d6f | ECR-fb78963058ff","FRM-3b57c7a1b9b7","src/components/customers/BankAccountForm.tsx","Devise","Pas de id/htmlFor métier explicite","banks[index].currency","UTILISATEUR","liste USD/EUR/GBP/CHF/GNF/XOF/XAF","Compte déplié; disabled si readOnly","banquesAInserer[index].currency","save_customer_dossier.p_banks[index].currency","public.customer_banks.currency","Requis; valeur par défaut XOF","Valeur liste; candidat trim","SELECT banques actives → formulaire; delete+insert baseline; fusion/désactivation candidate","Aucune banque affichée ni chargée par CustomerProfile baseline; détail complet à contrôler après correction","Pas de nouvelle devise ni conversion à inventer","RLS customers/customer_banks : lecture authenticated, écritures snp_est_agent_sonasp(); nouvelle RPC exige également session active; effectivité NON TESTÉE","83f8c74e:src/components/customers/BankAccountForm.tsx:347","83f8c74e:src/pages/customers/CustomerForm.tsx:221 | 83f8c74e:src/types/database.ts:1125 | CANDIDAT_NON_APPLIQUE:supabase/migrations/20260907044811_enregistrer_dossier_client_atomique.sql:185","CLI-UI-001/002/004/005/007 : deux banques, changement principal, banque libre, relecture identifiants et valeurs","REVUE_STATIQUE_BASELINE","NON EXÉCUTÉ","NON EXÉCUTÉ","À TESTER","83f8c74ea83c81a2734ef9e086c2edd211573ebe","migration candidate SHA256:0b87f4df5de4e59c7c7252550018c92d923d978f356289109c142b417c31cb0f; branche de travail non auditée","Lecture indépendante des quatre composants, types et migrations; aucun accès Auth/API/base/UI pour cette matrice"
"CLI-BANQUE-005","LOT-stakeholders/clients","SONASP gestionnaire; Owner; Admin selon module et autorisation serveur; Mine lecture seule","/customers/new | /customers/:id/edit | /customers/:id | /customers","ECR-57a476684b9a | ECR-90c316e4268e | ECR-4c59694d6d6f | ECR-fb78963058ff","FRM-3b57c7a1b9b7","src/components/customers/BankAccountForm.tsx","Numéro de compte","Pas de id/htmlFor métier explicite","banks[index].accountNumber","UTILISATEUR","texte","Compte déplié; disabled si readOnly","banquesAInserer[index].account_number","save_customer_dossier.p_banks[index].account_number","public.customer_banks.account_number","Facultatif; nullable SQL","trim ou null","SELECT banques actives → formulaire; delete+insert baseline; fusion/désactivation candidate","Aucune banque affichée ni chargée par CustomerProfile baseline; détail complet à contrôler après correction","Préserver les zéros initiaux; aucun contrôle numérique à imposer","RLS customers/customer_banks : lecture authenticated, écritures snp_est_agent_sonasp(); nouvelle RPC exige également session active; effectivité NON TESTÉE","83f8c74e:src/components/customers/BankAccountForm.tsx:369","83f8c74e:src/pages/customers/CustomerForm.tsx:221 | 83f8c74e:src/types/database.ts:1125 | CANDIDAT_NON_APPLIQUE:supabase/migrations/20260907044811_enregistrer_dossier_client_atomique.sql:185","CLI-UI-001/002/004/005/007 : deux banques, changement principal, banque libre, relecture identifiants et valeurs","REVUE_STATIQUE_BASELINE","NON EXÉCUTÉ","NON EXÉCUTÉ","À TESTER","83f8c74ea83c81a2734ef9e086c2edd211573ebe","migration candidate SHA256:0b87f4df5de4e59c7c7252550018c92d923d978f356289109c142b417c31cb0f; branche de travail non auditée","Lecture indépendante des quatre composants, types et migrations; aucun accès Auth/API/base/UI pour cette matrice"
"CLI-BANQUE-006","LOT-stakeholders/clients","SONASP gestionnaire; Owner; Admin selon module et autorisation serveur; Mine lecture seule","/customers/new | /customers/:id/edit | /customers/:id | /customers","ECR-57a476684b9a | ECR-90c316e4268e | ECR-4c59694d6d6f | ECR-fb78963058ff","FRM-3b57c7a1b9b7","src/components/customers/BankAccountForm.tsx","IBAN","Pas de id/htmlFor métier explicite","banks[index].iban","UTILISATEUR","texte","Compte déplié; disabled si readOnly","banquesAInserer[index].iban","save_customer_dossier.p_banks[index].iban","public.customer_banks.iban","Facultatif; nullable SQL; aucune validation de checksum actuelle","Majuscules à la saisie; trim ou null","SELECT banques actives → formulaire; delete+insert baseline; fusion/désactivation candidate","Aucune banque affichée ni chargée par CustomerProfile baseline; détail complet à contrôler après correction","Aucun format IBAN national nouveau à imposer; valeur complète à relire","RLS customers/customer_banks : lecture authenticated, écritures snp_est_agent_sonasp(); nouvelle RPC exige également session active; effectivité NON TESTÉE","83f8c74e:src/components/customers/BankAccountForm.tsx:383","83f8c74e:src/pages/customers/CustomerForm.tsx:221 | 83f8c74e:src/types/database.ts:1125 | CANDIDAT_NON_APPLIQUE:supabase/migrations/20260907044811_enregistrer_dossier_client_atomique.sql:185","CLI-UI-001/002/004/005/007 : deux banques, changement principal, banque libre, relecture identifiants et valeurs","REVUE_STATIQUE_BASELINE","NON EXÉCUTÉ","NON EXÉCUTÉ","À TESTER","83f8c74ea83c81a2734ef9e086c2edd211573ebe","migration candidate SHA256:0b87f4df5de4e59c7c7252550018c92d923d978f356289109c142b417c31cb0f; branche de travail non auditée","Lecture indépendante des quatre composants, types et migrations; aucun accès Auth/API/base/UI pour cette matrice"
"CLI-BANQUE-007","LOT-stakeholders/clients","SONASP gestionnaire; Owner; Admin selon module et autorisation serveur; Mine lecture seule","/customers/new | /customers/:id/edit | /customers/:id | /customers","ECR-57a476684b9a | ECR-90c316e4268e | ECR-4c59694d6d6f | ECR-fb78963058ff","FRM-3b57c7a1b9b7","src/components/customers/BankAccountForm.tsx","Code SWIFT/BIC","Pas de id/htmlFor métier explicite","banks[index].swiftCode","UTILISATEUR","texte","Compte déplié; disabled si readOnly","banquesAInserer[index].swift_code","save_customer_dossier.p_banks[index].swift_code","public.customer_banks.swift_code","Facultatif; nullable SQL","Majuscules à la saisie; trim ou null","SELECT banques actives → formulaire; delete+insert baseline; fusion/désactivation candidate","Aucune banque affichée ni chargée par CustomerProfile baseline; détail complet à contrôler après correction","Ne pas introduire de règle de longueur non prévue; vérifier conservation","RLS customers/customer_banks : lecture authenticated, écritures snp_est_agent_sonasp(); nouvelle RPC exige également session active; effectivité NON TESTÉE","83f8c74e:src/components/customers/BankAccountForm.tsx:398","83f8c74e:src/pages/customers/CustomerForm.tsx:221 | 83f8c74e:src/types/database.ts:1125 | CANDIDAT_NON_APPLIQUE:supabase/migrations/20260907044811_enregistrer_dossier_client_atomique.sql:185","CLI-UI-001/002/004/005/007 : deux banques, changement principal, banque libre, relecture identifiants et valeurs","REVUE_STATIQUE_BASELINE","NON EXÉCUTÉ","NON EXÉCUTÉ","À TESTER","83f8c74ea83c81a2734ef9e086c2edd211573ebe","migration candidate SHA256:0b87f4df5de4e59c7c7252550018c92d923d978f356289109c142b417c31cb0f; branche de travail non auditée","Lecture indépendante des quatre composants, types et migrations; aucun accès Auth/API/base/UI pour cette matrice"
"CLI-BANQUE-008","LOT-stakeholders/clients","SONASP gestionnaire; Owner; Admin selon module et autorisation serveur; Mine lecture seule","/customers/new | /customers/:id/edit | /customers/:id | /customers","ECR-57a476684b9a | ECR-90c316e4268e | ECR-4c59694d6d6f | ECR-fb78963058ff","FRM-3b57c7a1b9b7","src/components/customers/BankAccountForm.tsx","Définir comme compte bancaire principal","primary-${index}","banks[index].isPrimary","UTILISATEUR","case à cocher","Compte déplié et !readOnly","banquesAInserer[index].is_primary","save_customer_dossier.p_banks[index].is_primary","public.customer_banks.is_primary","Premier compte initialement principal; sélection exclusive dans UI; candidat au plus un principal","Booléen; true désactive les autres; retrait principal transfère au premier restant","SELECT banques actives → formulaire; delete+insert baseline; fusion/désactivation candidate","Aucune banque affichée ni chargée par CustomerProfile baseline; détail complet à contrôler après correction","UI permet zéro principal après décochage; ne pas transformer « au plus un » en « exactement un » sans règle","RLS customers/customer_banks : lecture authenticated, écritures snp_est_agent_sonasp(); nouvelle RPC exige également session active; effectivité NON TESTÉE","83f8c74e:src/components/customers/BankAccountForm.tsx:412","83f8c74e:src/pages/customers/CustomerForm.tsx:221 | 83f8c74e:src/types/database.ts:1125 | CANDIDAT_NON_APPLIQUE:supabase/migrations/20260907044811_enregistrer_dossier_client_atomique.sql:185","CLI-UI-001/002/004/005/007 : deux banques, changement principal, banque libre, relecture identifiants et valeurs","REVUE_STATIQUE_BASELINE","NON EXÉCUTÉ","NON EXÉCUTÉ","À TESTER","83f8c74ea83c81a2734ef9e086c2edd211573ebe","migration candidate SHA256:0b87f4df5de4e59c7c7252550018c92d923d978f356289109c142b417c31cb0f; branche de travail non auditée","Lecture indépendante des quatre composants, types et migrations; aucun accès Auth/API/base/UI pour cette matrice"
"CLI-BANQUE-009","LOT-stakeholders/clients","SONASP gestionnaire; Owner; Admin selon module et autorisation serveur; Mine lecture seule","/customers/new | /customers/:id/edit | /customers/:id | /customers","ECR-57a476684b9a | ECR-90c316e4268e | ECR-4c59694d6d6f | ECR-fb78963058ff","FRM-3b57c7a1b9b7","src/components/customers/BankAccountForm.tsx","Autre banque : saisie du nom","placeholder Saisissez le nom de la banque; pas de label propre","banks[index].bankName (même donnée que CLI-BANQUE-003)","UTILISATEUR_VARIANTE","texte conditionnel","bank.bankName === '__other__'","bank_name; le sentinel est filtré","p_banks[index].bank_name, rejet serveur de __other__","public.customer_banks.bank_name","Même champ métier, ne pas compter comme neuvième donnée bancaire saisissable","value="""" dans la baseline","Doit rester saisissable jusqu’au nom complet et se réouvrir à la modification","Aucun rendu bancaire baseline","La condition devient fausse à la première lettre; perte du contrôle de saisie","RLS customers/customer_banks : lecture authenticated, écritures snp_est_agent_sonasp(); nouvelle RPC exige également session active; effectivité NON TESTÉE","83f8c74e:src/components/customers/BankAccountForm.tsx:329","83f8c74e:src/pages/customers/CustomerForm.tsx:222 | CANDIDAT_NON_APPLIQUE:supabase/migrations/20260907044811_enregistrer_dossier_client_atomique.sql:114","CLI-UI-005 : nom libre complet, pays avec liste puis sans liste, enregistrer/recharger/modifier","REVUE_STATIQUE_BASELINE","NON EXÉCUTÉ","NON EXÉCUTÉ","À TESTER","83f8c74ea83c81a2734ef9e086c2edd211573ebe","migration candidate SHA256:0b87f4df5de4e59c7c7252550018c92d923d978f356289109c142b417c31cb0f; branche de travail non auditée","Lecture indépendante des quatre composants, types et migrations; aucun accès Auth/API/base/UI pour cette matrice"
"CLI-SYSTEME-001","LOT-stakeholders/clients","SONASP gestionnaire; Owner; Admin selon module et autorisation serveur; Mine lecture seule","/customers/new | /customers/:id/edit | /customers/:id | /customers","ECR-57a476684b9a | ECR-90c316e4268e | ECR-4c59694d6d6f | ECR-fb78963058ff","FRM-d203fedbc345 | FRM-3b57c7a1b9b7","src/pages/customers/CustomerForm.tsx | src/components/customers/BankAccountForm.tsx","Identifiant client","NON_SAISI","customer.id","SYSTÈME","Aucun nouveau champ UI à créer","Métadonnée / collection / relation","customerId après insert puis customer_banks.customer_id","RPC retourne uuid; pas de saisie utilisateur","customers.id","UUID serveur; URL :id en modification","Voir origine et sources; aucun choix tenant utilisateur","customerId après insert puis customer_banks.customer_id","À contrôler selon valeur utile; pas d’invention de champ","ID nouveau doit être conservé dans toutes les preuves","RLS customers/customer_banks : lecture authenticated, écritures snp_est_agent_sonasp(); nouvelle RPC exige également session active; effectivité NON TESTÉE","83f8c74e:src/pages/customers/CustomerForm.tsx:259","83f8c74e:src/types/database.ts:1125 | 83f8c74e:src/types/database.ts:1345 | CANDIDAT_NON_APPLIQUE:supabase/migrations/20260907044811_enregistrer_dossier_client_atomique.sql:40","CLI-UI-001/002/007/010 : vérifier IDs, FK, valeurs conservées, dates, transaction","REVUE_STATIQUE_BASELINE","NON EXÉCUTÉ","NON EXÉCUTÉ","À TESTER","83f8c74ea83c81a2734ef9e086c2edd211573ebe","migration candidate SHA256:0b87f4df5de4e59c7c7252550018c92d923d978f356289109c142b417c31cb0f; branche de travail non auditée","Lecture indépendante des quatre composants, types et migrations; aucun accès Auth/API/base/UI pour cette matrice"
"CLI-SYSTEME-002","LOT-stakeholders/clients","SONASP gestionnaire; Owner; Admin selon module et autorisation serveur; Mine lecture seule","/customers/new | /customers/:id/edit | /customers/:id | /customers","ECR-57a476684b9a | ECR-90c316e4268e | ECR-4c59694d6d6f | ECR-fb78963058ff","FRM-d203fedbc345 | FRM-3b57c7a1b9b7","src/pages/customers/CustomerForm.tsx | src/components/customers/BankAccountForm.tsx","Dernière modification","NON_SAISI","customer.updated_at","SYSTÈME","Aucun nouveau champ UI à créer","Métadonnée / collection / relation","new Date().toISOString() dans update baseline","statement_timestamp() dans RPC candidate","customers.updated_at","Horodatage","Voir origine et sources; aucun choix tenant utilisateur","new Date().toISOString() dans update baseline","À contrôler selon valeur utile; pas d’invention de champ","Horloge serveur candidate; aucun champ de formulaire","RLS customers/customer_banks : lecture authenticated, écritures snp_est_agent_sonasp(); nouvelle RPC exige également session active; effectivité NON TESTÉE","83f8c74e:src/pages/customers/CustomerForm.tsx:240","83f8c74e:src/types/database.ts:1125 | 83f8c74e:src/types/database.ts:1345 | CANDIDAT_NON_APPLIQUE:supabase/migrations/20260907044811_enregistrer_dossier_client_atomique.sql:40","CLI-UI-001/002/007/010 : vérifier IDs, FK, valeurs conservées, dates, transaction","REVUE_STATIQUE_BASELINE","NON EXÉCUTÉ","NON EXÉCUTÉ","À TESTER","83f8c74ea83c81a2734ef9e086c2edd211573ebe","migration candidate SHA256:0b87f4df5de4e59c7c7252550018c92d923d978f356289109c142b417c31cb0f; branche de travail non auditée","Lecture indépendante des quatre composants, types et migrations; aucun accès Auth/API/base/UI pour cette matrice"
"CLI-SYSTEME-003","LOT-stakeholders/clients","SONASP gestionnaire; Owner; Admin selon module et autorisation serveur; Mine lecture seule","/customers/new | /customers/:id/edit | /customers/:id | /customers","ECR-57a476684b9a | ECR-90c316e4268e | ECR-4c59694d6d6f | ECR-fb78963058ff","FRM-d203fedbc345 | FRM-3b57c7a1b9b7","src/pages/customers/CustomerForm.tsx | src/components/customers/BankAccountForm.tsx","Date d’enregistrement","NON_SAISI","customer.created_at","SYSTÈME","Aucun nouveau champ UI à créer","Métadonnée / collection / relation","DB par défaut; lu registeredDate","Création inchangée lors des updates","customers.created_at","Horodatage nullable","Voir origine et sources; aucun choix tenant utilisateur","DB par défaut; lu registeredDate","À contrôler selon valeur utile; pas d’invention de champ","Détail charge registeredDate mais ne l’affiche pas baseline","RLS customers/customer_banks : lecture authenticated, écritures snp_est_agent_sonasp(); nouvelle RPC exige également session active; effectivité NON TESTÉE","83f8c74e:src/pages/customers/CustomerProfile.tsx:156","83f8c74e:src/types/database.ts:1125 | 83f8c74e:src/types/database.ts:1345 | CANDIDAT_NON_APPLIQUE:supabase/migrations/20260907044811_enregistrer_dossier_client_atomique.sql:40","CLI-UI-001/002/007/010 : vérifier IDs, FK, valeurs conservées, dates, transaction","REVUE_STATIQUE_BASELINE","NON EXÉCUTÉ","NON EXÉCUTÉ","À TESTER","83f8c74ea83c81a2734ef9e086c2edd211573ebe","migration candidate SHA256:0b87f4df5de4e59c7c7252550018c92d923d978f356289109c142b417c31cb0f; branche de travail non auditée","Lecture indépendante des quatre composants, types et migrations; aucun accès Auth/API/base/UI pour cette matrice"
"CLI-SYSTEME-004","LOT-stakeholders/clients","SONASP gestionnaire; Owner; Admin selon module et autorisation serveur; Mine lecture seule","/customers/new | /customers/:id/edit | /customers/:id | /customers","ECR-57a476684b9a | ECR-90c316e4268e | ECR-4c59694d6d6f | ECR-fb78963058ff","FRM-d203fedbc345 | FRM-3b57c7a1b9b7","src/pages/customers/CustomerForm.tsx | src/components/customers/BankAccountForm.tsx","Colonne company","NON_SAISI","customer.company","NON_SAISI_EXISTANT","Aucun nouveau champ UI à créer","Métadonnée / collection / relation","Aucune écriture dans CustomerForm","RPC ne doit pas écraser cette colonne","customers.company","Texte nullable","Voir origine et sources; aucun choix tenant utilisateur","Aucune écriture dans CustomerForm","À contrôler selon valeur utile; pas d’invention de champ","Ne pas ajouter une seconde raison sociale parce que la colonne existe","RLS customers/customer_banks : lecture authenticated, écritures snp_est_agent_sonasp(); nouvelle RPC exige également session active; effectivité NON TESTÉE","83f8c74e:src/types/database.ts:1202","83f8c74e:src/types/database.ts:1125 | 83f8c74e:src/types/database.ts:1345 | CANDIDAT_NON_APPLIQUE:supabase/migrations/20260907044811_enregistrer_dossier_client_atomique.sql:40","CLI-UI-001/002/007/010 : vérifier IDs, FK, valeurs conservées, dates, transaction","REVUE_STATIQUE_BASELINE","NON EXÉCUTÉ","NON EXÉCUTÉ","À TESTER","83f8c74ea83c81a2734ef9e086c2edd211573ebe","migration candidate SHA256:0b87f4df5de4e59c7c7252550018c92d923d978f356289109c142b417c31cb0f; branche de travail non auditée","Lecture indépendante des quatre composants, types et migrations; aucun accès Auth/API/base/UI pour cette matrice"
"CLI-SYSTEME-005","LOT-stakeholders/clients","SONASP gestionnaire; Owner; Admin selon module et autorisation serveur; Mine lecture seule","/customers/new | /customers/:id/edit | /customers/:id | /customers","ECR-57a476684b9a | ECR-90c316e4268e | ECR-4c59694d6d6f | ECR-fb78963058ff","FRM-d203fedbc345 | FRM-3b57c7a1b9b7","src/pages/customers/CustomerForm.tsx | src/components/customers/BankAccountForm.tsx","Colonne is_active","NON_SAISI","customer.is_active","NON_SAISI_EXISTANT","Aucun nouveau champ UI à créer","Métadonnée / collection / relation","Aucune écriture dans CustomerForm","RPC ne doit pas assimiler arbitrairement cette colonne au statut","customers.is_active","Booléen nullable","Voir origine et sources; aucun choix tenant utilisateur","Aucune écriture dans CustomerForm","À contrôler selon valeur utile; pas d’invention de champ","Utilisée par des workflows de vente; divergence status/is_active à arbitrer uniquement si contrat contradictoire","RLS customers/customer_banks : lecture authenticated, écritures snp_est_agent_sonasp(); nouvelle RPC exige également session active; effectivité NON TESTÉE","83f8c74e:src/types/database.ts:1345","83f8c74e:src/types/database.ts:1125 | 83f8c74e:src/types/database.ts:1345 | CANDIDAT_NON_APPLIQUE:supabase/migrations/20260907044811_enregistrer_dossier_client_atomique.sql:40","CLI-UI-001/002/007/010 : vérifier IDs, FK, valeurs conservées, dates, transaction","REVUE_STATIQUE_BASELINE","NON EXÉCUTÉ","NON EXÉCUTÉ","À TESTER","83f8c74ea83c81a2734ef9e086c2edd211573ebe","migration candidate SHA256:0b87f4df5de4e59c7c7252550018c92d923d978f356289109c142b417c31cb0f; branche de travail non auditée","Lecture indépendante des quatre composants, types et migrations; aucun accès Auth/API/base/UI pour cette matrice"
"CLI-SYSTEME-006","LOT-stakeholders/clients","SONASP gestionnaire; Owner; Admin selon module et autorisation serveur; Mine lecture seule","/customers/new | /customers/:id/edit | /customers/:id | /customers","ECR-57a476684b9a | ECR-90c316e4268e | ECR-4c59694d6d6f | ECR-fb78963058ff","FRM-d203fedbc345 | FRM-3b57c7a1b9b7","src/pages/customers/CustomerForm.tsx | src/components/customers/BankAccountForm.tsx","Collection comptes bancaires","NON_SAISI","banks","SOUS_COLLECTION","Aucun nouveau champ UI à créer","Métadonnée / collection / relation","banques actives seulement; baseline delete toutes puis insert","Fusion par id; banques omises désactivées, sans suppression historique","customer_banks.customer_id → customers.id","Relation 1 client : 0..N banques","Voir origine et sources; aucun choix tenant utilisateur","banques actives seulement; baseline delete toutes puis insert","À contrôler selon valeur utile; pas d’invention de champ","UI recommande au moins un compte mais validation permet zéro; ne pas inventer obligation sans règle","RLS customers/customer_banks : lecture authenticated, écritures snp_est_agent_sonasp(); nouvelle RPC exige également session active; effectivité NON TESTÉE","83f8c74e:src/pages/customers/CustomerForm.tsx:92","83f8c74e:src/types/database.ts:1125 | 83f8c74e:src/types/database.ts:1345 | CANDIDAT_NON_APPLIQUE:supabase/migrations/20260907044811_enregistrer_dossier_client_atomique.sql:40","CLI-UI-001/002/007/010 : vérifier IDs, FK, valeurs conservées, dates, transaction","REVUE_STATIQUE_BASELINE","NON EXÉCUTÉ","NON EXÉCUTÉ","À TESTER","83f8c74ea83c81a2734ef9e086c2edd211573ebe","migration candidate SHA256:0b87f4df5de4e59c7c7252550018c92d923d978f356289109c142b417c31cb0f; branche de travail non auditée","Lecture indépendante des quatre composants, types et migrations; aucun accès Auth/API/base/UI pour cette matrice"
"CLI-SYSTEME-007","LOT-stakeholders/clients","SONASP gestionnaire; Owner; Admin selon module et autorisation serveur; Mine lecture seule","/customers/new | /customers/:id/edit | /customers/:id | /customers","ECR-57a476684b9a | ECR-90c316e4268e | ECR-4c59694d6d6f | ECR-fb78963058ff","FRM-d203fedbc345 | FRM-3b57c7a1b9b7","src/pages/customers/CustomerForm.tsx | src/components/customers/BankAccountForm.tsx","Identifiant bancaire","NON_SAISI","bank.id","SYSTÈME","Aucun nouveau champ UI à créer","Métadonnée / collection / relation","Chargé mais non réutilisé par insert baseline","p_banks[index].id conservé; ownership du parent vérifié","customer_banks.id","UUID serveur; identité stable","Voir origine et sources; aucun choix tenant utilisateur","Chargé mais non réutilisé par insert baseline","À contrôler selon valeur utile; pas d’invention de champ","Paiements et préventes référencent cet ID; delete/recreate rompt la continuité","RLS customers/customer_banks : lecture authenticated, écritures snp_est_agent_sonasp(); nouvelle RPC exige également session active; effectivité NON TESTÉE","83f8c74e:src/pages/customers/CustomerForm.tsx:99","83f8c74e:src/types/database.ts:1125 | 83f8c74e:src/types/database.ts:1345 | CANDIDAT_NON_APPLIQUE:supabase/migrations/20260907044811_enregistrer_dossier_client_atomique.sql:40","CLI-UI-001/002/007/010 : vérifier IDs, FK, valeurs conservées, dates, transaction","REVUE_STATIQUE_BASELINE","NON EXÉCUTÉ","NON EXÉCUTÉ","À TESTER","83f8c74ea83c81a2734ef9e086c2edd211573ebe","migration candidate SHA256:0b87f4df5de4e59c7c7252550018c92d923d978f356289109c142b417c31cb0f; branche de travail non auditée","Lecture indépendante des quatre composants, types et migrations; aucun accès Auth/API/base/UI pour cette matrice"
"CLI-SYSTEME-008","LOT-stakeholders/clients","SONASP gestionnaire; Owner; Admin selon module et autorisation serveur; Mine lecture seule","/customers/new | /customers/:id/edit | /customers/:id | /customers","ECR-57a476684b9a | ECR-90c316e4268e | ECR-4c59694d6d6f | ECR-fb78963058ff","FRM-d203fedbc345 | FRM-3b57c7a1b9b7","src/pages/customers/CustomerForm.tsx | src/components/customers/BankAccountForm.tsx","Client parent bancaire","NON_SAISI","bank.customer_id","CONTEXTE_PARENT","Aucun nouveau champ UI à créer","Métadonnée / collection / relation","Injecté après création client","Dérivé de v_id dans RPC; interdit dans JSON p_banks","customer_banks.customer_id","FK non nullable vers customers.id","Voir origine et sources; aucun choix tenant utilisateur","Injecté après création client","À contrôler selon valeur utile; pas d’invention de champ","Tester banque appartenant à un autre client : refus sans écriture","RLS customers/customer_banks : lecture authenticated, écritures snp_est_agent_sonasp(); nouvelle RPC exige également session active; effectivité NON TESTÉE","83f8c74e:src/pages/customers/CustomerForm.tsx:263","83f8c74e:src/types/database.ts:1125 | 83f8c74e:src/types/database.ts:1345 | CANDIDAT_NON_APPLIQUE:supabase/migrations/20260907044811_enregistrer_dossier_client_atomique.sql:40","CLI-UI-001/002/007/010 : vérifier IDs, FK, valeurs conservées, dates, transaction","REVUE_STATIQUE_BASELINE","NON EXÉCUTÉ","NON EXÉCUTÉ","À TESTER","83f8c74ea83c81a2734ef9e086c2edd211573ebe","migration candidate SHA256:0b87f4df5de4e59c7c7252550018c92d923d978f356289109c142b417c31cb0f; branche de travail non auditée","Lecture indépendante des quatre composants, types et migrations; aucun accès Auth/API/base/UI pour cette matrice"
"CLI-SYSTEME-009","LOT-stakeholders/clients","SONASP gestionnaire; Owner; Admin selon module et autorisation serveur; Mine lecture seule","/customers/new | /customers/:id/edit | /customers/:id | /customers","ECR-57a476684b9a | ECR-90c316e4268e | ECR-4c59694d6d6f | ECR-fb78963058ff","FRM-d203fedbc345 | FRM-3b57c7a1b9b7","src/pages/customers/CustomerForm.tsx | src/components/customers/BankAccountForm.tsx","Banque active","NON_SAISI","bank.is_active","SYSTÈME_COLLECTION","Aucun nouveau champ UI à créer","Métadonnée / collection / relation","État créé actif; ne charge que is_active=true","Retrait devient is_active=false et is_primary=false","customer_banks.is_active","Booléen nullable; défaut UI true","Voir origine et sources; aucun choix tenant utilisateur","État créé actif; ne charge que is_active=true","À contrôler selon valeur utile; pas d’invention de champ","Aucun contrôle de désactivation indépendant dans UI baseline; retrait de collection à tracer","RLS customers/customer_banks : lecture authenticated, écritures snp_est_agent_sonasp(); nouvelle RPC exige également session active; effectivité NON TESTÉE","83f8c74e:src/components/customers/BankAccountForm.tsx:116","83f8c74e:src/types/database.ts:1125 | 83f8c74e:src/types/database.ts:1345 | CANDIDAT_NON_APPLIQUE:supabase/migrations/20260907044811_enregistrer_dossier_client_atomique.sql:40","CLI-UI-001/002/007/010 : vérifier IDs, FK, valeurs conservées, dates, transaction","REVUE_STATIQUE_BASELINE","NON EXÉCUTÉ","NON EXÉCUTÉ","À TESTER","83f8c74ea83c81a2734ef9e086c2edd211573ebe","migration candidate SHA256:0b87f4df5de4e59c7c7252550018c92d923d978f356289109c142b417c31cb0f; branche de travail non auditée","Lecture indépendante des quatre composants, types et migrations; aucun accès Auth/API/base/UI pour cette matrice"
"CLI-SYSTEME-010","LOT-stakeholders/clients","SONASP gestionnaire; Owner; Admin selon module et autorisation serveur; Mine lecture seule","/customers/new | /customers/:id/edit | /customers/:id | /customers","ECR-57a476684b9a | ECR-90c316e4268e | ECR-4c59694d6d6f | ECR-fb78963058ff","FRM-d203fedbc345 | FRM-3b57c7a1b9b7","src/pages/customers/CustomerForm.tsx | src/components/customers/BankAccountForm.tsx","Date de création bancaire","NON_SAISI","bank.created_at","SYSTÈME","Aucun nouveau champ UI à créer","Métadonnée / collection / relation","DB par défaut","Conserver lors update","customer_banks.created_at","Horodatage nullable","Voir origine et sources; aucun choix tenant utilisateur","DB par défaut","À contrôler selon valeur utile; pas d’invention de champ","Pas de champ UI requis","RLS customers/customer_banks : lecture authenticated, écritures snp_est_agent_sonasp(); nouvelle RPC exige également session active; effectivité NON TESTÉE","83f8c74e:src/types/database.ts:1125","83f8c74e:src/types/database.ts:1125 | 83f8c74e:src/types/database.ts:1345 | CANDIDAT_NON_APPLIQUE:supabase/migrations/20260907044811_enregistrer_dossier_client_atomique.sql:40","CLI-UI-001/002/007/010 : vérifier IDs, FK, valeurs conservées, dates, transaction","REVUE_STATIQUE_BASELINE","NON EXÉCUTÉ","NON EXÉCUTÉ","À TESTER","83f8c74ea83c81a2734ef9e086c2edd211573ebe","migration candidate SHA256:0b87f4df5de4e59c7c7252550018c92d923d978f356289109c142b417c31cb0f; branche de travail non auditée","Lecture indépendante des quatre composants, types et migrations; aucun accès Auth/API/base/UI pour cette matrice"
"CLI-SYSTEME-011","LOT-stakeholders/clients","SONASP gestionnaire; Owner; Admin selon module et autorisation serveur; Mine lecture seule","/customers/new | /customers/:id/edit | /customers/:id | /customers","ECR-57a476684b9a | ECR-90c316e4268e | ECR-4c59694d6d6f | ECR-fb78963058ff","FRM-d203fedbc345 | FRM-3b57c7a1b9b7","src/pages/customers/CustomerForm.tsx | src/components/customers/BankAccountForm.tsx","Date de mise à jour bancaire","NON_SAISI","bank.updated_at","SYSTÈME","Aucun nouveau champ UI à créer","Métadonnée / collection / relation","DB/trigger historique","statement_timestamp() sur fusion/désactivation","customer_banks.updated_at","Horodatage nullable","Voir origine et sources; aucun choix tenant utilisateur","DB/trigger historique","À contrôler selon valeur utile; pas d’invention de champ","Contrôler mise à jour uniquement des banques ciblées","RLS customers/customer_banks : lecture authenticated, écritures snp_est_agent_sonasp(); nouvelle RPC exige également session active; effectivité NON TESTÉE","83f8c74e:src/types/database.ts:1125","83f8c74e:src/types/database.ts:1125 | 83f8c74e:src/types/database.ts:1345 | CANDIDAT_NON_APPLIQUE:supabase/migrations/20260907044811_enregistrer_dossier_client_atomique.sql:40","CLI-UI-001/002/007/010 : vérifier IDs, FK, valeurs conservées, dates, transaction","REVUE_STATIQUE_BASELINE","NON EXÉCUTÉ","NON EXÉCUTÉ","À TESTER","83f8c74ea83c81a2734ef9e086c2edd211573ebe","migration candidate SHA256:0b87f4df5de4e59c7c7252550018c92d923d978f356289109c142b417c31cb0f; branche de travail non auditée","Lecture indépendante des quatre composants, types et migrations; aucun accès Auth/API/base/UI pour cette matrice"
"CLI-SYSTEME-012","LOT-stakeholders/clients","SONASP gestionnaire; Owner; Admin selon module et autorisation serveur; Mine lecture seule","/customers/new | /customers/:id/edit | /customers/:id | /customers","ECR-57a476684b9a | ECR-90c316e4268e | ECR-4c59694d6d6f | ECR-fb78963058ff","FRM-d203fedbc345 | FRM-3b57c7a1b9b7","src/pages/customers/CustomerForm.tsx | src/components/customers/BankAccountForm.tsx","Références historiques des banques","NON_SAISI","bank.payment_relations","RELATION_AVAL","Aucun nouveau champ UI à créer","Métadonnée / collection / relation","Non saisi dans formulaire client","Aucune suppression/recréation des IDs bancaires","payments.customer_bank_id / pre_sales.customer_bank_id → customer_banks.id","FK vers même banque","Voir origine et sources; aucun choix tenant utilisateur","Non saisi dans formulaire client","À contrôler selon valeur utile; pas d’invention de champ","Préparer en test un compte référencé; modification et retrait conservent les paiements","RLS customers/customer_banks : lecture authenticated, écritures snp_est_agent_sonasp(); nouvelle RPC exige également session active; effectivité NON TESTÉE","83f8c74e:src/types/database.ts:3543","83f8c74e:src/types/database.ts:1125 | 83f8c74e:src/types/database.ts:1345 | CANDIDAT_NON_APPLIQUE:supabase/migrations/20260907044811_enregistrer_dossier_client_atomique.sql:40","CLI-UI-001/002/007/010 : vérifier IDs, FK, valeurs conservées, dates, transaction","REVUE_STATIQUE_BASELINE","NON EXÉCUTÉ","NON EXÉCUTÉ","À TESTER","83f8c74ea83c81a2734ef9e086c2edd211573ebe","migration candidate SHA256:0b87f4df5de4e59c7c7252550018c92d923d978f356289109c142b417c31cb0f; branche de travail non auditée","Lecture indépendante des quatre composants, types et migrations; aucun accès Auth/API/base/UI pour cette matrice"
"CLI-LECTURE-001","LOT-stakeholders/clients","SONASP gestionnaire; Owner; Admin selon module et autorisation serveur; Mine lecture seule","/customers/new | /customers/:id/edit | /customers/:id | /customers","ECR-57a476684b9a | ECR-90c316e4268e | ECR-4c59694d6d6f | ECR-fb78963058ff","CMP-2215414cf191","src/pages/customers/CustomerListing.tsx","Nombre total de clients","Libellé/table/graphique; pas d’input","L.totalCustomers","CALCULE_OU_RELATION","Lecture affichée","Liste ou détail; onglet selon écran","Réponse SELECT customers autorisée","Lecture réelle conservée/corrigée par frontend; aucun nouvel indicateur métier","customers.length","Aucune écriture","Ne pas assimiler erreur, null et zéro","LECTURE_SEULE","Nombre total de clients","Ne pas prendre un total paginé pour total global; erreur serveur ne doit pas afficher 0","RLS customers/customer_banks : lecture authenticated, écritures snp_est_agent_sonasp(); nouvelle RPC exige également session active; effectivité NON TESTÉE","83f8c74e:src/pages/customers/CustomerListing.tsx:159","83f8c74e:src/pages/customers/CustomerListing.tsx:61 | 83f8c74e:src/pages/customers/CustomerProfile.tsx:97","CLI-UI-006/008/009 : même ID et filtres, zéro/vide/erreur, lignes et agrégats réels","REVUE_STATIQUE_BASELINE","NON EXÉCUTÉ","NON EXÉCUTÉ","À TESTER","83f8c74ea83c81a2734ef9e086c2edd211573ebe","migration candidate SHA256:0b87f4df5de4e59c7c7252550018c92d923d978f356289109c142b417c31cb0f; branche de travail non auditée","Lecture indépendante des quatre composants, types et migrations; aucun accès Auth/API/base/UI pour cette matrice"
"CLI-LECTURE-002","LOT-stakeholders/clients","SONASP gestionnaire; Owner; Admin selon module et autorisation serveur; Mine lecture seule","/customers/new | /customers/:id/edit | /customers/:id | /customers","ECR-57a476684b9a | ECR-90c316e4268e | ECR-4c59694d6d6f | ECR-fb78963058ff","CMP-2215414cf191","src/pages/customers/CustomerListing.tsx","Clients actifs","Libellé/table/graphique; pas d’input","L.activeCustomers","CALCULE_OU_RELATION","Lecture affichée","Liste ou détail; onglet selon écran","Valeurs réelles du statut","Lecture réelle conservée/corrigée par frontend; aucun nouvel indicateur métier","count(customers.status==='active')","Aucune écriture","Ne pas assimiler erreur, null et zéro","LECTURE_SEULE","Clients actifs","Baseline convertit null/invalide en active, donc faux total possible","RLS customers/customer_banks : lecture authenticated, écritures snp_est_agent_sonasp(); nouvelle RPC exige également session active; effectivité NON TESTÉE","83f8c74e:src/pages/customers/CustomerListing.tsx:160","83f8c74e:src/pages/customers/CustomerListing.tsx:61 | 83f8c74e:src/pages/customers/CustomerProfile.tsx:97","CLI-UI-006/008/009 : même ID et filtres, zéro/vide/erreur, lignes et agrégats réels","REVUE_STATIQUE_BASELINE","NON EXÉCUTÉ","NON EXÉCUTÉ","À TESTER","83f8c74ea83c81a2734ef9e086c2edd211573ebe","migration candidate SHA256:0b87f4df5de4e59c7c7252550018c92d923d978f356289109c142b417c31cb0f; branche de travail non auditée","Lecture indépendante des quatre composants, types et migrations; aucun accès Auth/API/base/UI pour cette matrice"
"CLI-LECTURE-003","LOT-stakeholders/clients","SONASP gestionnaire; Owner; Admin selon module et autorisation serveur; Mine lecture seule","/customers/new | /customers/:id/edit | /customers/:id | /customers","ECR-57a476684b9a | ECR-90c316e4268e | ECR-4c59694d6d6f | ECR-fb78963058ff","CMP-2215414cf191","src/pages/customers/CustomerListing.tsx","Pourcentage de clients actifs","Libellé/table/graphique; pas d’input","L.activePercentage","CALCULE_OU_RELATION","Lecture affichée","Liste ou détail; onglet selon écran","Calcul de ratio","Lecture réelle conservée/corrigée par frontend; aucun nouvel indicateur métier","arrondi(activeCustomers/totalCustomers×100)","Aucune écriture","Ne pas assimiler erreur, null et zéro","LECTURE_SEULE","Pourcentage de clients actifs","Tester vrai zéro et source indisponible séparément","RLS customers/customer_banks : lecture authenticated, écritures snp_est_agent_sonasp(); nouvelle RPC exige également session active; effectivité NON TESTÉE","83f8c74e:src/pages/customers/CustomerListing.tsx:163","83f8c74e:src/pages/customers/CustomerListing.tsx:61 | 83f8c74e:src/pages/customers/CustomerProfile.tsx:97","CLI-UI-006/008/009 : même ID et filtres, zéro/vide/erreur, lignes et agrégats réels","REVUE_STATIQUE_BASELINE","NON EXÉCUTÉ","NON EXÉCUTÉ","À TESTER","83f8c74ea83c81a2734ef9e086c2edd211573ebe","migration candidate SHA256:0b87f4df5de4e59c7c7252550018c92d923d978f356289109c142b417c31cb0f; branche de travail non auditée","Lecture indépendante des quatre composants, types et migrations; aucun accès Auth/API/base/UI pour cette matrice"
"CLI-LECTURE-004","LOT-stakeholders/clients","SONASP gestionnaire; Owner; Admin selon module et autorisation serveur; Mine lecture seule","/customers/new | /customers/:id/edit | /customers/:id | /customers","ECR-57a476684b9a | ECR-90c316e4268e | ECR-4c59694d6d6f | ECR-fb78963058ff","CMP-2215414cf191","src/pages/customers/CustomerListing.tsx","Chiffre d’affaires cumulé","Libellé/table/graphique; pas d’input","L.totalRevenue","CALCULE_OU_RELATION","Lecture affichée","Liste ou détail; onglet selon écran","sales avec états management_approved/customer_approved/payment_received/completed","Lecture réelle conservée/corrigée par frontend; aucun nouvel indicateur métier","sum(sales.final_proceeds)","Unité affichée USD par formatCurrency défaut","Ne pas assimiler erreur, null et zéro","LECTURE_SEULE","Chiffre d’affaires cumulé","Erreur sales masquée comme 0; vérifier filtres, états et unité existante","RLS customers/customer_banks : lecture authenticated, écritures snp_est_agent_sonasp(); nouvelle RPC exige également session active; effectivité NON TESTÉE","83f8c74e:src/pages/customers/CustomerListing.tsx:161","83f8c74e:src/pages/customers/CustomerListing.tsx:61 | 83f8c74e:src/pages/customers/CustomerProfile.tsx:97","CLI-UI-006/008/009 : même ID et filtres, zéro/vide/erreur, lignes et agrégats réels","REVUE_STATIQUE_BASELINE","NON EXÉCUTÉ","NON EXÉCUTÉ","À TESTER","83f8c74ea83c81a2734ef9e086c2edd211573ebe","migration candidate SHA256:0b87f4df5de4e59c7c7252550018c92d923d978f356289109c142b417c31cb0f; branche de travail non auditée","Lecture indépendante des quatre composants, types et migrations; aucun accès Auth/API/base/UI pour cette matrice"
"CLI-LECTURE-005","LOT-stakeholders/clients","SONASP gestionnaire; Owner; Admin selon module et autorisation serveur; Mine lecture seule","/customers/new | /customers/:id/edit | /customers/:id | /customers","ECR-57a476684b9a | ECR-90c316e4268e | ECR-4c59694d6d6f | ECR-fb78963058ff","CMP-2215414cf191","src/pages/customers/CustomerListing.tsx","Valeur moyenne des commandes","Libellé/table/graphique; pas d’input","L.avgOrderValue","CALCULE_OU_RELATION","Lecture affichée","Liste ou détail; onglet selon écran","Sommes clients et ventes","Lecture réelle conservée/corrigée par frontend; aucun nouvel indicateur métier","baseline totalRevenue / totalCustomers","Unité USD","Ne pas assimiler erreur, null et zéro","LECTURE_SEULE","Valeur moyenne des commandes","Dénominateur client incohérent avec intitulé commandes; corriger sans inventer des opérations","RLS customers/customer_banks : lecture authenticated, écritures snp_est_agent_sonasp(); nouvelle RPC exige également session active; effectivité NON TESTÉE","83f8c74e:src/pages/customers/CustomerListing.tsx:162","83f8c74e:src/pages/customers/CustomerListing.tsx:61 | 83f8c74e:src/pages/customers/CustomerProfile.tsx:97","CLI-UI-006/008/009 : même ID et filtres, zéro/vide/erreur, lignes et agrégats réels","REVUE_STATIQUE_BASELINE","NON EXÉCUTÉ","NON EXÉCUTÉ","À TESTER","83f8c74ea83c81a2734ef9e086c2edd211573ebe","migration candidate SHA256:0b87f4df5de4e59c7c7252550018c92d923d978f356289109c142b417c31cb0f; branche de travail non auditée","Lecture indépendante des quatre composants, types et migrations; aucun accès Auth/API/base/UI pour cette matrice"
"CLI-LECTURE-006","LOT-stakeholders/clients","SONASP gestionnaire; Owner; Admin selon module et autorisation serveur; Mine lecture seule","/customers/new | /customers/:id/edit | /customers/:id | /customers","ECR-57a476684b9a | ECR-90c316e4268e | ECR-4c59694d6d6f | ECR-fb78963058ff","CMP-2215414cf191","src/pages/customers/CustomerListing.tsx","Évolution du nombre de clients","Libellé/table/graphique; pas d’input","L.fakeTrendClients","DEMONSTRATION_CODEE_EN_DUR_A_CORRIGER","Lecture affichée","Liste ou détail; onglet selon écran","Aucune source réelle baseline","Lecture réelle conservée/corrigée par frontend; aucun nouvel indicateur métier","constante +3 ce trimestre","Aucune écriture","Ne pas assimiler erreur, null et zéro","LECTURE_SEULE","Évolution du nombre de clients","Constante de démonstration à supprimer/remplacer par complément réel; pas de taux inventé","RLS customers/customer_banks : lecture authenticated, écritures snp_est_agent_sonasp(); nouvelle RPC exige également session active; effectivité NON TESTÉE","83f8c74e:src/pages/customers/CustomerListing.tsx:169","83f8c74e:src/pages/customers/CustomerListing.tsx:61 | 83f8c74e:src/pages/customers/CustomerProfile.tsx:97","CLI-UI-006/008/009 : même ID et filtres, zéro/vide/erreur, lignes et agrégats réels","REVUE_STATIQUE_BASELINE","NON EXÉCUTÉ","NON EXÉCUTÉ","À TESTER","83f8c74ea83c81a2734ef9e086c2edd211573ebe","migration candidate SHA256:0b87f4df5de4e59c7c7252550018c92d923d978f356289109c142b417c31cb0f; branche de travail non auditée","Lecture indépendante des quatre composants, types et migrations; aucun accès Auth/API/base/UI pour cette matrice"
"CLI-LECTURE-007","LOT-stakeholders/clients","SONASP gestionnaire; Owner; Admin selon module et autorisation serveur; Mine lecture seule","/customers/new | /customers/:id/edit | /customers/:id | /customers","ECR-57a476684b9a | ECR-90c316e4268e | ECR-4c59694d6d6f | ECR-fb78963058ff","CMP-2215414cf191","src/pages/customers/CustomerListing.tsx","Évolution du chiffre d’affaires","Libellé/table/graphique; pas d’input","L.fakeTrendRevenue","DEMONSTRATION_CODEE_EN_DUR_A_CORRIGER","Lecture affichée","Liste ou détail; onglet selon écran","Aucune source réelle baseline","Lecture réelle conservée/corrigée par frontend; aucun nouvel indicateur métier","constante +24 % année précédente","Aucune écriture","Ne pas assimiler erreur, null et zéro","LECTURE_SEULE","Évolution du chiffre d’affaires","Aucune comparaison de période réelle","RLS customers/customer_banks : lecture authenticated, écritures snp_est_agent_sonasp(); nouvelle RPC exige également session active; effectivité NON TESTÉE","83f8c74e:src/pages/customers/CustomerListing.tsx:185","83f8c74e:src/pages/customers/CustomerListing.tsx:61 | 83f8c74e:src/pages/customers/CustomerProfile.tsx:97","CLI-UI-006/008/009 : même ID et filtres, zéro/vide/erreur, lignes et agrégats réels","REVUE_STATIQUE_BASELINE","NON EXÉCUTÉ","NON EXÉCUTÉ","À TESTER","83f8c74ea83c81a2734ef9e086c2edd211573ebe","migration candidate SHA256:0b87f4df5de4e59c7c7252550018c92d923d978f356289109c142b417c31cb0f; branche de travail non auditée","Lecture indépendante des quatre composants, types et migrations; aucun accès Auth/API/base/UI pour cette matrice"
"CLI-LECTURE-008","LOT-stakeholders/clients","SONASP gestionnaire; Owner; Admin selon module et autorisation serveur; Mine lecture seule","/customers/new | /customers/:id/edit | /customers/:id | /customers","ECR-57a476684b9a | ECR-90c316e4268e | ECR-4c59694d6d6f | ECR-fb78963058ff","CMP-2215414cf191","src/pages/customers/CustomerListing.tsx","Évolution moyenne commandes","Libellé/table/graphique; pas d’input","L.fakeTrendAverage","DEMONSTRATION_CODEE_EN_DUR_A_CORRIGER","Lecture affichée","Liste ou détail; onglet selon écran","Aucune source réelle baseline","Lecture réelle conservée/corrigée par frontend; aucun nouvel indicateur métier","constante +8 % ce trimestre","Aucune écriture","Ne pas assimiler erreur, null et zéro","LECTURE_SEULE","Évolution moyenne commandes","Aucune comparaison de période réelle","RLS customers/customer_banks : lecture authenticated, écritures snp_est_agent_sonasp(); nouvelle RPC exige également session active; effectivité NON TESTÉE","83f8c74e:src/pages/customers/CustomerListing.tsx:193","83f8c74e:src/pages/customers/CustomerListing.tsx:61 | 83f8c74e:src/pages/customers/CustomerProfile.tsx:97","CLI-UI-006/008/009 : même ID et filtres, zéro/vide/erreur, lignes et agrégats réels","REVUE_STATIQUE_BASELINE","NON EXÉCUTÉ","NON EXÉCUTÉ","À TESTER","83f8c74ea83c81a2734ef9e086c2edd211573ebe","migration candidate SHA256:0b87f4df5de4e59c7c7252550018c92d923d978f356289109c142b417c31cb0f; branche de travail non auditée","Lecture indépendante des quatre composants, types et migrations; aucun accès Auth/API/base/UI pour cette matrice"
"CLI-LECTURE-009","LOT-stakeholders/clients","SONASP gestionnaire; Owner; Admin selon module et autorisation serveur; Mine lecture seule","/customers/new | /customers/:id/edit | /customers/:id | /customers","ECR-57a476684b9a | ECR-90c316e4268e | ECR-4c59694d6d6f | ECR-fb78963058ff","ECR-4c59694d6d6f","src/pages/customers/CustomerProfile.tsx","Nombre d’achats du client","Libellé/table/graphique; pas d’input","LD.totalPurchases","CALCULE_OU_RELATION","Lecture affichée","Liste ou détail; onglet selon écran","sales.customer_id → customers.id","Lecture réelle conservée/corrigée par frontend; aucun nouvel indicateur métier","count(sales WHERE customer_id=:id et statut autorisé)","Nombre entier","Ne pas assimiler erreur, null et zéro","LECTURE_SEULE","Nombre d’achats du client","Liste inclut management_approved; détail l’exclut : périmètres divergents","RLS customers/customer_banks : lecture authenticated, écritures snp_est_agent_sonasp(); nouvelle RPC exige également session active; effectivité NON TESTÉE","83f8c74e:src/pages/customers/CustomerProfile.tsx:108","83f8c74e:src/pages/customers/CustomerListing.tsx:61 | 83f8c74e:src/pages/customers/CustomerProfile.tsx:97","CLI-UI-006/008/009 : même ID et filtres, zéro/vide/erreur, lignes et agrégats réels","REVUE_STATIQUE_BASELINE","NON EXÉCUTÉ","NON EXÉCUTÉ","À TESTER","83f8c74ea83c81a2734ef9e086c2edd211573ebe","migration candidate SHA256:0b87f4df5de4e59c7c7252550018c92d923d978f356289109c142b417c31cb0f; branche de travail non auditée","Lecture indépendante des quatre composants, types et migrations; aucun accès Auth/API/base/UI pour cette matrice"
"CLI-LECTURE-010","LOT-stakeholders/clients","SONASP gestionnaire; Owner; Admin selon module et autorisation serveur; Mine lecture seule","/customers/new | /customers/:id/edit | /customers/:id | /customers","ECR-57a476684b9a | ECR-90c316e4268e | ECR-4c59694d6d6f | ECR-fb78963058ff","ECR-4c59694d6d6f","src/pages/customers/CustomerProfile.tsx","Montant total du client","Libellé/table/graphique; pas d’input","LD.totalSpent","CALCULE_OU_RELATION","Lecture affichée","Liste ou détail; onglet selon écran","Ventes du client","Lecture réelle conservée/corrigée par frontend; aucun nouvel indicateur métier","sum(sales.final_proceeds)","USD dans formatCurrency par défaut","Ne pas assimiler erreur, null et zéro","LECTURE_SEULE","Montant total du client","Null ou erreur ne doit pas devenir montant prouvé égal à zéro","RLS customers/customer_banks : lecture authenticated, écritures snp_est_agent_sonasp(); nouvelle RPC exige également session active; effectivité NON TESTÉE","83f8c74e:src/pages/customers/CustomerProfile.tsx:109","83f8c74e:src/pages/customers/CustomerListing.tsx:61 | 83f8c74e:src/pages/customers/CustomerProfile.tsx:97","CLI-UI-006/008/009 : même ID et filtres, zéro/vide/erreur, lignes et agrégats réels","REVUE_STATIQUE_BASELINE","NON EXÉCUTÉ","NON EXÉCUTÉ","À TESTER","83f8c74ea83c81a2734ef9e086c2edd211573ebe","migration candidate SHA256:0b87f4df5de4e59c7c7252550018c92d923d978f356289109c142b417c31cb0f; branche de travail non auditée","Lecture indépendante des quatre composants, types et migrations; aucun accès Auth/API/base/UI pour cette matrice"
"CLI-LECTURE-011","LOT-stakeholders/clients","SONASP gestionnaire; Owner; Admin selon module et autorisation serveur; Mine lecture seule","/customers/new | /customers/:id/edit | /customers/:id | /customers","ECR-57a476684b9a | ECR-90c316e4268e | ECR-4c59694d6d6f | ECR-fb78963058ff","ECR-4c59694d6d6f","src/pages/customers/CustomerProfile.tsx","Montant moyen d’un achat","Libellé/table/graphique; pas d’input","D.averageOrderValue","CALCULE_OU_RELATION","Lecture affichée","Liste ou détail; onglet selon écran","Ventes du client","Lecture réelle conservée/corrigée par frontend; aucun nouvel indicateur métier","totalSpent / totalPurchases (0 si aucun achat)","USD","Ne pas assimiler erreur, null et zéro","LECTURE_SEULE","Montant moyen d’un achat","Harmoniser avec liste selon même nombre de ventes","RLS customers/customer_banks : lecture authenticated, écritures snp_est_agent_sonasp(); nouvelle RPC exige également session active; effectivité NON TESTÉE","83f8c74e:src/pages/customers/CustomerProfile.tsx:110","83f8c74e:src/pages/customers/CustomerListing.tsx:61 | 83f8c74e:src/pages/customers/CustomerProfile.tsx:97","CLI-UI-006/008/009 : même ID et filtres, zéro/vide/erreur, lignes et agrégats réels","REVUE_STATIQUE_BASELINE","NON EXÉCUTÉ","NON EXÉCUTÉ","À TESTER","83f8c74ea83c81a2734ef9e086c2edd211573ebe","migration candidate SHA256:0b87f4df5de4e59c7c7252550018c92d923d978f356289109c142b417c31cb0f; branche de travail non auditée","Lecture indépendante des quatre composants, types et migrations; aucun accès Auth/API/base/UI pour cette matrice"
"CLI-LECTURE-012","LOT-stakeholders/clients","SONASP gestionnaire; Owner; Admin selon module et autorisation serveur; Mine lecture seule","/customers/new | /customers/:id/edit | /customers/:id | /customers","ECR-57a476684b9a | ECR-90c316e4268e | ECR-4c59694d6d6f | ECR-fb78963058ff","ECR-4c59694d6d6f","src/pages/customers/CustomerProfile.tsx","Taux de paiement","Libellé/table/graphique; pas d’input","D.paymentRate","DEMONSTRATION_CODEE_EN_DUR_A_CORRIGER","Lecture affichée","Liste ou détail; onglet selon écran","Liste utilise ratio statuts completed/payment_received, détail aucune source","Lecture réelle conservée/corrigée par frontend; aucun nouvel indicateur métier","baseline constante 0","Pourcentage","Ne pas assimiler erreur, null et zéro","LECTURE_SEULE","Taux de paiement","Zéro fictif; ratio de statuts ≠ montant réellement payé, libellé doit être fidèle","RLS customers/customer_banks : lecture authenticated, écritures snp_est_agent_sonasp(); nouvelle RPC exige également session active; effectivité NON TESTÉE","83f8c74e:src/pages/customers/CustomerProfile.tsx:119","83f8c74e:src/pages/customers/CustomerListing.tsx:61 | 83f8c74e:src/pages/customers/CustomerProfile.tsx:97","CLI-UI-006/008/009 : même ID et filtres, zéro/vide/erreur, lignes et agrégats réels","REVUE_STATIQUE_BASELINE","NON EXÉCUTÉ","NON EXÉCUTÉ","À TESTER","83f8c74ea83c81a2734ef9e086c2edd211573ebe","migration candidate SHA256:0b87f4df5de4e59c7c7252550018c92d923d978f356289109c142b417c31cb0f; branche de travail non auditée","Lecture indépendante des quatre composants, types et migrations; aucun accès Auth/API/base/UI pour cette matrice"
"CLI-LECTURE-013","LOT-stakeholders/clients","SONASP gestionnaire; Owner; Admin selon module et autorisation serveur; Mine lecture seule","/customers/new | /customers/:id/edit | /customers/:id | /customers","ECR-57a476684b9a | ECR-90c316e4268e | ECR-4c59694d6d6f | ECR-fb78963058ff","ECR-4c59694d6d6f","src/pages/customers/CustomerProfile.tsx","Dernier achat","Libellé/table/graphique; pas d’input","LD.lastPurchaseDate","CALCULE_OU_RELATION","Lecture affichée","Liste ou détail; onglet selon écran","Ventes filtrées du client","Lecture réelle conservée/corrigée par frontend; aucun nouvel indicateur métier","max(sales.created_at)","Date locale fr-FR","Ne pas assimiler erreur, null et zéro","LECTURE_SEULE","Dernier achat","Vérifier absent vs invalide et même périmètre de ventes","RLS customers/customer_banks : lecture authenticated, écritures snp_est_agent_sonasp(); nouvelle RPC exige également session active; effectivité NON TESTÉE","83f8c74e:src/pages/customers/CustomerProfile.tsx:116","83f8c74e:src/pages/customers/CustomerListing.tsx:61 | 83f8c74e:src/pages/customers/CustomerProfile.tsx:97","CLI-UI-006/008/009 : même ID et filtres, zéro/vide/erreur, lignes et agrégats réels","REVUE_STATIQUE_BASELINE","NON EXÉCUTÉ","NON EXÉCUTÉ","À TESTER","83f8c74ea83c81a2734ef9e086c2edd211573ebe","migration candidate SHA256:0b87f4df5de4e59c7c7252550018c92d923d978f356289109c142b417c31cb0f; branche de travail non auditée","Lecture indépendante des quatre composants, types et migrations; aucun accès Auth/API/base/UI pour cette matrice"
"CLI-LECTURE-014","LOT-stakeholders/clients","SONASP gestionnaire; Owner; Admin selon module et autorisation serveur; Mine lecture seule","/customers/new | /customers/:id/edit | /customers/:id | /customers","ECR-57a476684b9a | ECR-90c316e4268e | ECR-4c59694d6d6f | ECR-fb78963058ff","ECR-4c59694d6d6f","src/pages/customers/CustomerProfile.tsx","Historique des transactions","Libellé/table/graphique; pas d’input","D.transactions","DEMONSTRATION_CODEE_EN_DUR_A_CORRIGER","Lecture affichée","Liste ou détail; onglet selon écran","Aucune source réelle baseline","Lecture réelle conservée/corrigée par frontend; aucun nouvel indicateur métier","baseline tableau littéral 3 ventes 2024","saleNumber/date/quantity/amount/status","Ne pas assimiler erreur, null et zéro","LECTURE_SEULE","Historique des transactions","Fausses transactions; brancher ventes réelles sans transformer agrégats en lignes","RLS customers/customer_banks : lecture authenticated, écritures snp_est_agent_sonasp(); nouvelle RPC exige également session active; effectivité NON TESTÉE","83f8c74e:src/pages/customers/CustomerProfile.tsx:176","83f8c74e:src/pages/customers/CustomerListing.tsx:61 | 83f8c74e:src/pages/customers/CustomerProfile.tsx:97","CLI-UI-006/008/009 : même ID et filtres, zéro/vide/erreur, lignes et agrégats réels","REVUE_STATIQUE_BASELINE","NON EXÉCUTÉ","NON EXÉCUTÉ","À TESTER","83f8c74ea83c81a2734ef9e086c2edd211573ebe","migration candidate SHA256:0b87f4df5de4e59c7c7252550018c92d923d978f356289109c142b417c31cb0f; branche de travail non auditée","Lecture indépendante des quatre composants, types et migrations; aucun accès Auth/API/base/UI pour cette matrice"
"CLI-LECTURE-015","LOT-stakeholders/clients","SONASP gestionnaire; Owner; Admin selon module et autorisation serveur; Mine lecture seule","/customers/new | /customers/:id/edit | /customers/:id | /customers","ECR-57a476684b9a | ECR-90c316e4268e | ECR-4c59694d6d6f | ECR-fb78963058ff","ECR-4c59694d6d6f","src/pages/customers/CustomerProfile.tsx","Graphique historique","Libellé/table/graphique; pas d’input","D.performance","DEMONSTRATION_CODEE_EN_DUR_A_CORRIGER","Lecture affichée","Liste ou détail; onglet selon écran","Aucune source réelle baseline","Lecture réelle conservée/corrigée par frontend; aucun nouvel indicateur métier","baseline performanceData littéral avr–oct","purchases/amount par mois","Ne pas assimiler erreur, null et zéro","LECTURE_SEULE","Graphique historique","Courbe fictive; agrégation de ventes autorisées seulement","RLS customers/customer_banks : lecture authenticated, écritures snp_est_agent_sonasp(); nouvelle RPC exige également session active; effectivité NON TESTÉE","83f8c74e:src/pages/customers/CustomerProfile.tsx:203","83f8c74e:src/pages/customers/CustomerListing.tsx:61 | 83f8c74e:src/pages/customers/CustomerProfile.tsx:97","CLI-UI-006/008/009 : même ID et filtres, zéro/vide/erreur, lignes et agrégats réels","REVUE_STATIQUE_BASELINE","NON EXÉCUTÉ","NON EXÉCUTÉ","À TESTER","83f8c74ea83c81a2734ef9e086c2edd211573ebe","migration candidate SHA256:0b87f4df5de4e59c7c7252550018c92d923d978f356289109c142b417c31cb0f; branche de travail non auditée","Lecture indépendante des quatre composants, types et migrations; aucun accès Auth/API/base/UI pour cette matrice"
"CLI-LECTURE-016","LOT-stakeholders/clients","SONASP gestionnaire; Owner; Admin selon module et autorisation serveur; Mine lecture seule","/customers/new | /customers/:id/edit | /customers/:id | /customers","ECR-57a476684b9a | ECR-90c316e4268e | ECR-4c59694d6d6f | ECR-fb78963058ff","ECR-4c59694d6d6f","src/pages/customers/CustomerProfile.tsx","Ventes actives","Libellé/table/graphique; pas d’input","D.activeSales","CALCULE_OU_RELATION","Lecture affichée","Liste ou détail; onglet selon écran","Ventes en approbation/validées; limit10","Lecture réelle conservée/corrigée par frontend; aucun nouvel indicateur métier","sales.id/sale_number/status/final_proceeds WHERE customer_id=:id","Lien /sales/:id avec vrai ID","Ne pas assimiler erreur, null et zéro","LECTURE_SEULE","Ventes actives","Erreur masquée en liste vide; état absence réelle distinct de source indisponible","RLS customers/customer_banks : lecture authenticated, écritures snp_est_agent_sonasp(); nouvelle RPC exige également session active; effectivité NON TESTÉE","83f8c74e:src/pages/customers/CustomerProfile.tsx:122","83f8c74e:src/pages/customers/CustomerListing.tsx:61 | 83f8c74e:src/pages/customers/CustomerProfile.tsx:97","CLI-UI-006/008/009 : même ID et filtres, zéro/vide/erreur, lignes et agrégats réels","REVUE_STATIQUE_BASELINE","NON EXÉCUTÉ","NON EXÉCUTÉ","À TESTER","83f8c74ea83c81a2734ef9e086c2edd211573ebe","migration candidate SHA256:0b87f4df5de4e59c7c7252550018c92d923d978f356289109c142b417c31cb0f; branche de travail non auditée","Lecture indépendante des quatre composants, types et migrations; aucun accès Auth/API/base/UI pour cette matrice"
"CLI-FILTRE-001","LOT-stakeholders/clients","SONASP gestionnaire; Owner; Admin selon module et autorisation serveur; Mine lecture seule","/customers/new | /customers/:id/edit | /customers/:id | /customers","ECR-57a476684b9a | ECR-90c316e4268e | ECR-4c59694d6d6f | ECR-fb78963058ff","CMP-2215414cf191","src/pages/customers/CustomerListing.tsx","Recherche par nom ou adresse électronique","Placeholder/options sans label id explicite","searchQuery","UTILISATEUR_NON_PERSISTE","texte","Répertoire clients","Filtrage en mémoire","Filtrage autorisé; éventuelle conservation contexte selon mécanisme existant","name/email includes insensible casse; accent non normalisé baseline","Aucune écriture en base","vide","LECTURE_SEULE","Liste filtrée","Totaux de bandeau baseline calculés avant filtres; vérifier cohérence; retour détail perd potentiellement filtres","RLS customers/customer_banks : lecture authenticated, écritures snp_est_agent_sonasp(); nouvelle RPC exige également session active; effectivité NON TESTÉE","83f8c74e:src/pages/customers/CustomerListing.tsx:300","83f8c74e:src/pages/customers/CustomerListing.tsx:243","CLI-UI-006 : recherche, combinaison pays/statut, vide puis retour, compteur et liste cohérents","REVUE_STATIQUE_BASELINE","NON EXÉCUTÉ","NON EXÉCUTÉ","À TESTER","83f8c74ea83c81a2734ef9e086c2edd211573ebe","migration candidate SHA256:0b87f4df5de4e59c7c7252550018c92d923d978f356289109c142b417c31cb0f; branche de travail non auditée","Lecture indépendante des quatre composants, types et migrations; aucun accès Auth/API/base/UI pour cette matrice"
"CLI-FILTRE-002","LOT-stakeholders/clients","SONASP gestionnaire; Owner; Admin selon module et autorisation serveur; Mine lecture seule","/customers/new | /customers/:id/edit | /customers/:id | /customers","ECR-57a476684b9a | ECR-90c316e4268e | ECR-4c59694d6d6f | ECR-fb78963058ff","CMP-2215414cf191","src/pages/customers/CustomerListing.tsx","Filtre pays","Placeholder/options sans label id explicite","countryFilter","UTILISATEUR_NON_PERSISTE","liste","Répertoire clients","Filtrage en mémoire","Filtrage autorisé; éventuelle conservation contexte selon mécanisme existant","Égalité pays ou all","Aucune écriture en base","all","LECTURE_SEULE","Liste filtrée","Totaux de bandeau baseline calculés avant filtres; vérifier cohérence; retour détail perd potentiellement filtres","RLS customers/customer_banks : lecture authenticated, écritures snp_est_agent_sonasp(); nouvelle RPC exige également session active; effectivité NON TESTÉE","83f8c74e:src/pages/customers/CustomerListing.tsx:305","83f8c74e:src/pages/customers/CustomerListing.tsx:243","CLI-UI-006 : recherche, combinaison pays/statut, vide puis retour, compteur et liste cohérents","REVUE_STATIQUE_BASELINE","NON EXÉCUTÉ","NON EXÉCUTÉ","À TESTER","83f8c74ea83c81a2734ef9e086c2edd211573ebe","migration candidate SHA256:0b87f4df5de4e59c7c7252550018c92d923d978f356289109c142b417c31cb0f; branche de travail non auditée","Lecture indépendante des quatre composants, types et migrations; aucun accès Auth/API/base/UI pour cette matrice"
"CLI-FILTRE-003","LOT-stakeholders/clients","SONASP gestionnaire; Owner; Admin selon module et autorisation serveur; Mine lecture seule","/customers/new | /customers/:id/edit | /customers/:id | /customers","ECR-57a476684b9a | ECR-90c316e4268e | ECR-4c59694d6d6f | ECR-fb78963058ff","CMP-2215414cf191","src/pages/customers/CustomerListing.tsx","Filtre statut","Placeholder/options sans label id explicite","statusFilter","UTILISATEUR_NON_PERSISTE","liste","Répertoire clients","Filtrage en mémoire","Filtrage autorisé; éventuelle conservation contexte selon mécanisme existant","active/inactive/pending ou all","Aucune écriture en base","all","LECTURE_SEULE","Liste filtrée","Totaux de bandeau baseline calculés avant filtres; vérifier cohérence; retour détail perd potentiellement filtres","RLS customers/customer_banks : lecture authenticated, écritures snp_est_agent_sonasp(); nouvelle RPC exige également session active; effectivité NON TESTÉE","83f8c74e:src/pages/customers/CustomerListing.tsx:317","83f8c74e:src/pages/customers/CustomerListing.tsx:243","CLI-UI-006 : recherche, combinaison pays/statut, vide puis retour, compteur et liste cohérents","REVUE_STATIQUE_BASELINE","NON EXÉCUTÉ","NON EXÉCUTÉ","À TESTER","83f8c74ea83c81a2734ef9e086c2edd211573ebe","migration candidate SHA256:0b87f4df5de4e59c7c7252550018c92d923d978f356289109c142b417c31cb0f; branche de travail non auditée","Lecture indépendante des quatre composants, types et migrations; aucun accès Auth/API/base/UI pour cette matrice"
